{
  "project_info": {
    "project_number": "245908473589",
    "project_id": "mindeaseai-app",
    "storage_bucket": "mindeaseai-app.firebasestorage.app"
  },
  "client": [
    {
      "client_info": {
        "mobilesdk_app_id": "1:245908473589:android:e3f4da8ce63e1fde7a67bc",
        "android_client_info": {
          "package_name": "com.mindeaseai"
        }
      },
      "oauth_client": [
        {
          "client_id": "245908473589-7npe53djkj2tkj6nglbcmaip2omfj0r2.apps.googleusercontent.com",
          "client_type": 1,
          "android_info": {
            "package_name": "com.mindeaseai",
            "certificate_hash": "4e756243b562d3ceb6759a1ea4893eaa31b94a71"
          }
        },
        {
          "client_id": "245908473589-u5b0v4coogsauhfv5efjhgradteknde1.apps.googleusercontent.com",
          "client_type": 3
        }
      ],
      "api_key": [
        {
          "current_key": "AIzaSyA0CTBrGqIvcUZYpH5cgexf06iAgHK-u7M"
        }
      ],
      "services": {
        "appinvite_service": {
          "other_platform_oauth_client": [
            {
              "client_id": "245908473589-u5b0v4coogsauhfv5efjhgradteknde1.apps.googleusercontent.com",
              "client_type": 3
            }
          ]
        }
      }
    }
  ],
  "configuration_version": "1"
}